File Name,Sentiment,Support Count,Oppose Count,Mixed Count,Reasons for Support,Reasons for Oppose,Prediction
09-12-2017audio_6ZA-2017-210-CU-1A.txt,Supportive,38,4,8,Supportive reasons not extracted in this process,Opposition reasons not extracted in this process,Approved
11-17-16audio_13VTT-73387.txt,Supportive,126,10,2,Supportive reasons not extracted in this process,Opposition reasons not extracted in this process,Approved
10-27-16audio_7VTT-72813.txt,Supportive,30,4,0,Supportive reasons not extracted in this process,Opposition reasons not extracted in this process,Approved
05-16-2017audio_4DIR-2016-1374-CCMP-1A.txt,Supportive,24,12,0,Supportive reasons not extracted in this process,Opposition reasons not extracted in this process,Approved
12-21-17audio_8CPC-2017-3900.txt,Supportive,54,12,2,Supportive reasons not extracted in this process,Opposition reasons not extracted in this process,Approved
03-28-2013audio_04CPC12-2405.txt,Supportive,74,12,0,Supportive reasons not extracted in this process,Opposition reasons not extracted in this process,Approved
11-17-16audio_11CPC-2015-2424.txt,Supportive,20,10,2,Supportive reasons not extracted in this process,Opposition reasons not extracted in this process,Approved
WLA05-21-14audio_05APCW13-2800.txt,Supportive,23,6,4,Supportive reasons not extracted in this process,Opposition reasons not extracted in this process,Approved
04-26-2017audio_4Dir-2016-3168.txt,Supportive,40,16,0,Supportive reasons not extracted in this process,Opposition reasons not extracted in this process,Approved
12-14-17audio_10CPC-2016-3608.txt,Supportive,54,10,20,Supportive reasons not extracted in this process,Opposition reasons not extracted in this process,Approved
NV12-06-12audio_04ZA11-1408.txt,Supportive,36,22,0,Supportive reasons not extracted in this process,Opposition reasons not extracted in this process,Approved
02-24-2016audio_3ZA-2014-3054-ZAD-1A.txt,Supportive,35,17,0,Supportive reasons not extracted in this process,Opposition reasons not extracted in this process,Approved
02-14-2017audio_8APCC-2016-3327.txt,Supportive,8,4,0,Supportive reasons not extracted in this process,Opposition reasons not extracted in this process,Approved
05-09-12audio_04ZA11-2114.txt,Supportive,68,2,2,Supportive reasons not extracted in this process,Opposition reasons not extracted in this process,Approved
03-22-2011audio_03DIR10-359.txt,Supportive,18,6,0,Supportive reasons not extracted in this process,Opposition reasons not extracted in this process,Approved
06-13-2013audio_08DIR12-2218.txt,Opposed,2,8,0,Supportive reasons not extracted in this process,Opposition reasons not extracted in this process,Denied
WLA08-15-12audio_05APCW10-1087.txt,Supportive,31,2,6,Supportive reasons not extracted in this process,Opposition reasons not extracted in this process,Approved
06-13-2013audio_04CPC13-226.txt,Supportive,42,7,9,Supportive reasons not extracted in this process,Opposition reasons not extracted in this process,Approved
12-14-17audio_8CPC-2014-2906.txt,Supportive,34,2,2,Supportive reasons not extracted in this process,Opposition reasons not extracted in this process,Approved
10-26-17audio_9DIR-2016-1368.txt,Supportive,12,0,2,Supportive reasons not extracted in this process,Opposition reasons not extracted in this process,Approved
11-10-16audio_8CPC-2015-896.txt,Supportive,168,8,8,Supportive reasons not extracted in this process,Opposition reasons not extracted in this process,Approved
03-22-2011audio_07DIR09-2189.txt,Supportive,32,8,0,Supportive reasons not extracted in this process,Opposition reasons not extracted in this process,Approved
10-27-16audio_6CPC-2015-300.txt,Supportive,42,4,0,Supportive reasons not extracted in this process,Opposition reasons not extracted in this process,Approved
02-23-17audio_5aCPC-2015-4613.txt,Supportive,46,12,10,Supportive reasons not extracted in this process,Opposition reasons not extracted in this process,Approved
08-10-2017audio_9-10VTT-74510andCPC-2016-3312.txt,Supportive,164,8,4,Supportive reasons not extracted in this process,Opposition reasons not extracted in this process,Approved
SV08-11-2011audio_03APCSV10-2881.txt,Supportive,1,0,0,Supportive reasons not extracted in this process,Opposition reasons not extracted in this process,Approved
12-11-2014audio_07CPC14-1759.txt,Supportive,19,0,1,Supportive reasons not extracted in this process,Opposition reasons not extracted in this process,Approved
01-05-10audio_06APCW10-2130.txt,Supportive,28,12,0,Supportive reasons not extracted in this process,Opposition reasons not extracted in this process,Approved
03-22-2017audio_4Dir-2016-3168.txt,Supportive,98,26,0,Supportive reasons not extracted in this process,Opposition reasons not extracted in this process,Approved
11-21-2013audio_05CPC13-555.txt,Supportive,22,4,4,Supportive reasons not extracted in this process,Opposition reasons not extracted in this process,Approved
10-27-16audio_10DIR-2015-3578.txt,Supportive,6,4,0,Supportive reasons not extracted in this process,Opposition reasons not extracted in this process,Approved
03-10-2011audio_05CPC09-3488.txt,Supportive,53,7,8,Supportive reasons not extracted in this process,Opposition reasons not extracted in this process,Approved
03-23-2017audio_6CPC-2013-1595.txt,Supportive,60,12,2,Supportive reasons not extracted in this process,Opposition reasons not extracted in this process,Approved
11-13-13audio_06DIR10-2686.txt,Supportive,48,6,2,Supportive reasons not extracted in this process,Opposition reasons not extracted in this process,Approved
10-27-16audio_8-9VTT-73939andCPC-2015-4184.txt,Supportive,204,44,0,Supportive reasons not extracted in this process,Opposition reasons not extracted in this process,Approved
09-07-2017audio_6APCNV-2016-565.txt,Supportive,8,6,0,Supportive reasons not extracted in this process,Opposition reasons not extracted in this process,Approved
NV08-15-13audio_03APCNV13-1187.txt,Supportive,4,0,0,Supportive reasons not extracted in this process,Opposition reasons not extracted in this process,Approved
06-13-2013audio_05CPC13-72.txt,Supportive,16,0,2,Supportive reasons not extracted in this process,Opposition reasons not extracted in this process,Approved
08-08-2017audio_6ZA-2017-210-CU-1A.txt,Supportive,94,22,6,Supportive reasons not extracted in this process,Opposition reasons not extracted in this process,Approved
02-14-2017audio_7APCC-2015-3286.txt,Unclear,0,0,0,Supportive reasons not extracted in this process,Opposition reasons not extracted in this process,Unclear
10-25-2012audio_07CPC12-1225.txt,Opposed,0,2,0,Supportive reasons not extracted in this process,Opposition reasons not extracted in this process,Denied
06-22-2017audio_8DIR-2017-298.txt,Supportive,24,16,8,Supportive reasons not extracted in this process,Opposition reasons not extracted in this process,Approved
02-16-2017audio_5APCNV-2015-2763.txt,Unclear,0,0,0,Supportive reasons not extracted in this process,Opposition reasons not extracted in this process,Unclear
07-13-2017audio_8DIR-2016-4160.txt,Supportive,8,0,0,Supportive reasons not extracted in this process,Opposition reasons not extracted in this process,Approved
WLA07-03-13audio_04TT-72167.txt,Supportive,18,10,0,Supportive reasons not extracted in this process,Opposition reasons not extracted in this process,Approved
10-13-16audio_7CPC-2016-1083.txt,Supportive,114,8,4,Supportive reasons not extracted in this process,Opposition reasons not extracted in this process,Approved
SV020912audio_04APCSV11-1192.txt,Supportive,16,2,0,Supportive reasons not extracted in this process,Opposition reasons not extracted in this process,Approved
04-25-2017audio_7DIR-2016-3612.txt,Supportive,28,2,4,Supportive reasons not extracted in this process,Opposition reasons not extracted in this process,Approved
WLA01-20-16audio_5AA-2014-2269-PMLA-CC-1A_ZA-2014-2373-CDP-MEL-1A.txt,Supportive,12,0,0,Supportive reasons not extracted in this process,Opposition reasons not extracted in this process,Approved
12-14-17audio_9CPC-2014-2590.txt,Supportive,30,0,0,Supportive reasons not extracted in this process,Opposition reasons not extracted in this process,Approved
03-16-11audio_04APCW09-3151.txt,Supportive,38,10,0,Supportive reasons not extracted in this process,Opposition reasons not extracted in this process,Approved
07-14-2011audio_04DIR09-2065.txt,Supportive,14,0,4,Supportive reasons not extracted in this process,Opposition reasons not extracted in this process,Approved
08-08-2013audio_07CPC11-3128.txt,Opposed,14,26,0,Supportive reasons not extracted in this process,Opposition reasons not extracted in this process,Denied
04-12-2012audio_04DIR09-2065.txt,Supportive,66,8,0,Supportive reasons not extracted in this process,Opposition reasons not extracted in this process,Approved
09-14-2017audio_9-10VTT-74444andCPC-2016-3683.txt,Supportive,264,60,20,Supportive reasons not extracted in this process,Opposition reasons not extracted in this process,Approved
4-28-09audio_03VTT-6583_ZA06-10260.txt,Unclear,0,0,0,Supportive reasons not extracted in this process,Opposition reasons not extracted in this process,Unclear
02-14-2017audio_4VTT-73292.txt,Supportive,18,8,0,Supportive reasons not extracted in this process,Opposition reasons not extracted in this process,Approved
9-22-16audio_6CPC-2015-300-GPA.txt,Supportive,52,2,0,Supportive reasons not extracted in this process,Opposition reasons not extracted in this process,Approved
SLA09-17-2013audio_03DIR12-1217.txt,Supportive,12,4,0,Supportive reasons not extracted in this process,Opposition reasons not extracted in this process,Approved
11-09-17audio_11DIR-2017-2229.txt,Supportive,14,0,0,Supportive reasons not extracted in this process,Opposition reasons not extracted in this process,Approved
07-22-2010audio1_03APCSV09-1420.txt,Supportive,3,1,0,Supportive reasons not extracted in this process,Opposition reasons not extracted in this process,Approved
SV011212audio_03APCSV11-1192.txt,Supportive,10,2,0,Supportive reasons not extracted in this process,Opposition reasons not extracted in this process,Approved
04-27-2017audio_6CPC-2016-2865.txt,Supportive,52,8,6,Supportive reasons not extracted in this process,Opposition reasons not extracted in this process,Approved
10-24-2013audio_05CPC11-3128.txt,Supportive,22,11,6,Supportive reasons not extracted in this process,Opposition reasons not extracted in this process,Approved
12-14-17audio_6aCPC-2014-4942.txt,Supportive,8,2,6,Supportive reasons not extracted in this process,Opposition reasons not extracted in this process,Approved
12-8-16audio_6DIR-2014-4762.txt,Supportive,42,10,0,Supportive reasons not extracted in this process,Opposition reasons not extracted in this process,Approved
01-19-11audio_03APCW10-800.txt,Supportive,63,15,0,Supportive reasons not extracted in this process,Opposition reasons not extracted in this process,Approved
4-14-2016audio_8CPC-2014-491-VZC.txt,Supportive,28,2,0,Supportive reasons not extracted in this process,Opposition reasons not extracted in this process,Approved
01-13-2011audio_04CPC06-10241.txt,Supportive,129,29,12,Supportive reasons not extracted in this process,Opposition reasons not extracted in this process,Approved
07-13-2017audio_10CPC-2015-3028.txt,Supportive,4,0,0,Supportive reasons not extracted in this process,Opposition reasons not extracted in this process,Approved
11-16-17audio_6bCPC-2017-111.txt,Supportive,28,2,0,Supportive reasons not extracted in this process,Opposition reasons not extracted in this process,Approved
NV07-18-13audio_04ZA11-2575.txt,Supportive,116,30,0,Supportive reasons not extracted in this process,Opposition reasons not extracted in this process,Approved
11-09-17audio_6aCPC-2015-1158.txt,Unclear,0,0,0,Supportive reasons not extracted in this process,Opposition reasons not extracted in this process,Unclear
SLA03-23-2012audio_03ZA11-3126.txt,Supportive,60,10,0,Supportive reasons not extracted in this process,Opposition reasons not extracted in this process,Approved
07-23-09audio_03APCSV08-1588.txt,Supportive,26,6,0,Supportive reasons not extracted in this process,Opposition reasons not extracted in this process,Approved
03-08-2012audio_05CPC10-31.txt,Supportive,100,6,18,Supportive reasons not extracted in this process,Opposition reasons not extracted in this process,Approved
08-27-09audio_05APCSV06-7312.txt,Supportive,4,0,0,Supportive reasons not extracted in this process,Opposition reasons not extracted in this process,Approved
07-13-2017audio_12DIR-2016-3999.txt,Supportive,4,0,0,Supportive reasons not extracted in this process,Opposition reasons not extracted in this process,Approved
04-14-2011audio_04CPC09-3488.txt,Supportive,48,7,4,Supportive reasons not extracted in this process,Opposition reasons not extracted in this process,Approved
10-24-2013audio_06CPC13-555.txt,Supportive,26,2,4,Supportive reasons not extracted in this process,Opposition reasons not extracted in this process,Approved
11-17-16audio_15CPC-2016-3257.txt,Supportive,126,10,2,Supportive reasons not extracted in this process,Opposition reasons not extracted in this process,Approved
"01-13-09audio_05VTT-65583,ZA06-10260.txt",Opposed,2,11,0,Supportive reasons not extracted in this process,Opposition reasons not extracted in this process,Denied
11-17-16audio_9CPC-2015-3383.txt,Supportive,30,8,22,Supportive reasons not extracted in this process,Opposition reasons not extracted in this process,Approved
10-12-17audio_9-10VTT-74392andDIR-2016-3076.txt,Supportive,64,48,16,Supportive reasons not extracted in this process,Opposition reasons not extracted in this process,Approved
07-26-2011audio_03VTT-70608.txt,Unclear,0,0,0,Supportive reasons not extracted in this process,Opposition reasons not extracted in this process,Unclear
9-22-16audio_5bCPC-2015-3338-DB.txt,Supportive,14,4,0,Supportive reasons not extracted in this process,Opposition reasons not extracted in this process,Approved
02-23-17audio_6VTT-73427and7CPC-2004-7308.txt,Supportive,196,28,0,Supportive reasons not extracted in this process,Opposition reasons not extracted in this process,Approved
04-20-2017audio_5bCPC-2016-4316.txt,Supportive,22,6,0,Supportive reasons not extracted in this process,Opposition reasons not extracted in this process,Approved
08-08-2013audio_09CPC12-3436.txt,Supportive,35,7,4,Supportive reasons not extracted in this process,Opposition reasons not extracted in this process,Approved
12-19-2013audio_06DIR12-2836.txt,Supportive,14,2,2,Supportive reasons not extracted in this process,Opposition reasons not extracted in this process,Approved
10-14-2010audio_05CPC09-944.txt,Supportive,6,2,0,Supportive reasons not extracted in this process,Opposition reasons not extracted in this process,Approved
02-02-2017audio_5ZA-2016-1555.txt,Unclear,0,0,0,Supportive reasons not extracted in this process,Opposition reasons not extracted in this process,Unclear
WLA06-18-14audio_04APCW13-2800.txt,Unclear,1,1,0,Supportive reasons not extracted in this process,Opposition reasons not extracted in this process,Unclear
10-10-2017audio_7AA-2016-3648-PMLA-CC-1A.txt,Supportive,104,22,2,Supportive reasons not extracted in this process,Opposition reasons not extracted in this process,Approved
07-01-10audio_06APCNV09-1608.txt,Supportive,24,9,0,Supportive reasons not extracted in this process,Opposition reasons not extracted in this process,Approved
01-12-2012audio_06CPC11-1770.txt,Supportive,52,2,4,Supportive reasons not extracted in this process,Opposition reasons not extracted in this process,Approved
12-12-2017audio_6AA-2016-3648-PMLA-CC-1A.txt,Supportive,138,18,0,Supportive reasons not extracted in this process,Opposition reasons not extracted in this process,Approved
05-03-2017audio_4Dir-2013-2966.txt,Opposed,22,42,0,Supportive reasons not extracted in this process,Opposition reasons not extracted in this process,Denied
11-10-2011audio_04CPC09-3210.txt,Supportive,14,0,2,Supportive reasons not extracted in this process,Opposition reasons not extracted in this process,Approved
10-22-2013audio_04DIR12-1957.txt,Supportive,28,22,0,Supportive reasons not extracted in this process,Opposition reasons not extracted in this process,Approved
12-12-2013audio_04CPC12-1665.txt,Supportive,68,4,4,Supportive reasons not extracted in this process,Opposition reasons not extracted in this process,Approved
05-12-2011audio1_04APCSV11-225.txt,Supportive,4,0,0,Supportive reasons not extracted in this process,Opposition reasons not extracted in this process,Approved
SV082312audio_03APCSV11-2447.txt,Supportive,26,0,0,Supportive reasons not extracted in this process,Opposition reasons not extracted in this process,Approved
WLA07-16-14audio_03APCW13-2800.txt,Unclear,0,0,0,Supportive reasons not extracted in this process,Opposition reasons not extracted in this process,Unclear
06-22-2017audio_9DIR-2016-2255.txt,Supportive,8,0,0,Supportive reasons not extracted in this process,Opposition reasons not extracted in this process,Approved
11-09-17audio_10CPC-2016-3748.txt,Supportive,12,2,0,Supportive reasons not extracted in this process,Opposition reasons not extracted in this process,Approved
06-22-2017audio_5aCPC-2016-1603.txt,Supportive,2,0,0,Supportive reasons not extracted in this process,Opposition reasons not extracted in this process,Approved
NV09-01-11audio_04APCNV06-8668.txt,Supportive,44,42,0,Supportive reasons not extracted in this process,Opposition reasons not extracted in this process,Approved
02-10-2011audio_06CPC06-10241.txt,Supportive,237,11,7,Supportive reasons not extracted in this process,Opposition reasons not extracted in this process,Approved
SV030812audio_03APCSV11-2447.txt,Unclear,0,0,0,Supportive reasons not extracted in this process,Opposition reasons not extracted in this process,Unclear
09-24-13audio_07APCC13-581.txt,Supportive,16,2,0,Supportive reasons not extracted in this process,Opposition reasons not extracted in this process,Approved
09-14-2017audio_11-12VTT-74581andCPC-2016-3655.txt,Supportive,40,28,0,Supportive reasons not extracted in this process,Opposition reasons not extracted in this process,Approved
04-27-2017audio_5aCPC-2016-2751.txt,Supportive,6,2,0,Supportive reasons not extracted in this process,Opposition reasons not extracted in this process,Approved
06-28-2011audio_03VTT-70608.txt,Supportive,2,0,0,Supportive reasons not extracted in this process,Opposition reasons not extracted in this process,Approved
04-09-09audio_02CPC06-8043_VTT-63399.txt,Unclear,0,0,0,Supportive reasons not extracted in this process,Opposition reasons not extracted in this process,Unclear
SV10-27-2011audio_03APCSV10-2589.txt,Unclear,0,0,0,Supportive reasons not extracted in this process,Opposition reasons not extracted in this process,Unclear
3-24-09audio_03VTT-65583_ZA06-10260.txt,Unclear,0,0,0,Supportive reasons not extracted in this process,Opposition reasons not extracted in this process,Unclear
12-12-2013audio_05CPC13-872.txt,Supportive,6,0,0,Supportive reasons not extracted in this process,Opposition reasons not extracted in this process,Approved
08-28-2014audio_10CPC14-335.txt,Supportive,12,4,2,Supportive reasons not extracted in this process,Opposition reasons not extracted in this process,Approved
08-23-2011audio_03ZA11-448.txt,Supportive,8,2,0,Supportive reasons not extracted in this process,Opposition reasons not extracted in this process,Approved
09-11-08audio1_09APCSV07-2656.txt,Unclear,0,0,0,Supportive reasons not extracted in this process,Opposition reasons not extracted in this process,Unclear
07-13-2017audio_11DIR-2016-304.txt,Supportive,36,22,12,Supportive reasons not extracted in this process,Opposition reasons not extracted in this process,Approved
09-22-2011audio_04CPC11-1450.txt,Supportive,18,10,0,Supportive reasons not extracted in this process,Opposition reasons not extracted in this process,Approved
SV102617audio_6APCSV-2016-120-ZC-SPPA-SPP.txt,Supportive,66,9,6,Supportive reasons not extracted in this process,Opposition reasons not extracted in this process,Approved
12-13-2011audio_03DIR11-1324.txt,Unclear,6,6,4,Supportive reasons not extracted in this process,Opposition reasons not extracted in this process,Unclear
11-17-16audio_7CPC-2015-3686.txt,Supportive,40,8,0,Supportive reasons not extracted in this process,Opposition reasons not extracted in this process,Approved
SV091213audio_03APCSV12-2487.txt,Supportive,44,8,1,Supportive reasons not extracted in this process,Opposition reasons not extracted in this process,Approved
11-07-2017audio_7ZA-2014-3309.txt,Supportive,36,18,0,Supportive reasons not extracted in this process,Opposition reasons not extracted in this process,Approved
NV09-19-13audio_03APCNV13-1187.txt,Supportive,22,6,0,Supportive reasons not extracted in this process,Opposition reasons not extracted in this process,Approved
10-24-2013audio_07CPC12-1665.txt,Supportive,34,5,2,Supportive reasons not extracted in this process,Opposition reasons not extracted in this process,Approved
10-09-2014audio_07CPC13-4134.txt,Supportive,23,1,0,Supportive reasons not extracted in this process,Opposition reasons not extracted in this process,Approved
01-12-2012audio_07CPC11-2043.txt,Unclear,12,2,12,Supportive reasons not extracted in this process,Opposition reasons not extracted in this process,Unclear
4-14-09audio_07APCC08-3600.txt,Supportive,17,7,0,Supportive reasons not extracted in this process,Opposition reasons not extracted in this process,Approved
11-10-16audio_7VTT-74131.txt,Supportive,168,8,8,Supportive reasons not extracted in this process,Opposition reasons not extracted in this process,Approved
12-09-2010audio-special_04CPC06-10241.txt,Supportive,4,2,0,Supportive reasons not extracted in this process,Opposition reasons not extracted in this process,Approved
12-08-2016_TRACK6.txt,Supportive,18,14,0,Supportive reasons not extracted in this process,Opposition reasons not extracted in this process,Approved
NV11-07-13audio_03ZA12-2563.txt,Unclear,0,0,0,Supportive reasons not extracted in this process,Opposition reasons not extracted in this process,Unclear
02-14-2013audio_03CPC12-579.txt,Supportive,24,1,2,Supportive reasons not extracted in this process,Opposition reasons not extracted in this process,Approved
11-28-2017audio_7TT-74883-CN-1A.txt,Supportive,84,28,0,Supportive reasons not extracted in this process,Opposition reasons not extracted in this process,Approved
10-13-16audio_5aCPC-2015-779.txt,Unclear,0,0,0,Supportive reasons not extracted in this process,Opposition reasons not extracted in this process,Unclear
WLA04-20-16audio_3DIR-2015-1503.txt,Supportive,38,2,4,Supportive reasons not extracted in this process,Opposition reasons not extracted in this process,Approved
01-23-2014audio_04CPC12-1665.txt,Supportive,14,12,0,Supportive reasons not extracted in this process,Opposition reasons not extracted in this process,Approved
08-12-2010audio_04CPC09-944.txt,Unclear,0,0,0,Supportive reasons not extracted in this process,Opposition reasons not extracted in this process,Unclear
10-18-2017audio_6DIR-2016-1648.txt,Unclear,0,0,0,Supportive reasons not extracted in this process,Opposition reasons not extracted in this process,Unclear
09-05-17audio_6AA-2014-3308.txt,Supportive,14,8,0,Supportive reasons not extracted in this process,Opposition reasons not extracted in this process,Approved
08-23-2012audio1_07CPC12-551.txt,Supportive,16,0,2,Supportive reasons not extracted in this process,Opposition reasons not extracted in this process,Approved
10-18-2017audio_7DIR-2016-3573.txt,Supportive,22,14,0,Supportive reasons not extracted in this process,Opposition reasons not extracted in this process,Approved
01-26-17audio_9CPC-2016-2881.txt,Supportive,28,2,6,Supportive reasons not extracted in this process,Opposition reasons not extracted in this process,Approved
05-23-2017audio_5VTT-74328.txt,Supportive,90,30,0,Supportive reasons not extracted in this process,Opposition reasons not extracted in this process,Approved
02-09-17audio_6VTT-72928.txt,Supportive,32,2,0,Supportive reasons not extracted in this process,Opposition reasons not extracted in this process,Approved
01-24-2017audio_4TT-73626.txt,Supportive,50,10,0,Supportive reasons not extracted in this process,Opposition reasons not extracted in this process,Approved
04-01-09audio_04APCW08-3264.txt,Supportive,31,4,1,Supportive reasons not extracted in this process,Opposition reasons not extracted in this process,Approved
05-11-2017audio_7-8VTT-73981andCPC-2016-341.txt,Supportive,136,32,8,Supportive reasons not extracted in this process,Opposition reasons not extracted in this process,Approved
02-16-2017audio_4DIR-2016-1555.txt,Unclear,0,0,0,Supportive reasons not extracted in this process,Opposition reasons not extracted in this process,Unclear
04-27-2017audio_9CPC-2015-3028.txt,Unclear,0,0,0,Supportive reasons not extracted in this process,Opposition reasons not extracted in this process,Unclear
04-20-2017audio_6CPC-2016-2863.txt,Supportive,26,2,0,Supportive reasons not extracted in this process,Opposition reasons not extracted in this process,Approved
04-06-11audio_04APCW10-3101.txt,Supportive,22,7,0,Supportive reasons not extracted in this process,Opposition reasons not extracted in this process,Approved
12-14-17audio_7CPC-2016-3748.txt,Supportive,102,8,14,Supportive reasons not extracted in this process,Opposition reasons not extracted in this process,Approved
SV061412audio_03APCSV11-2447.txt,Unclear,0,0,0,Supportive reasons not extracted in this process,Opposition reasons not extracted in this process,Unclear
07-14-2011audio_05DIR10-3277.txt,Supportive,14,0,2,Supportive reasons not extracted in this process,Opposition reasons not extracted in this process,Approved
01-22-09audio1_07APCSV07-2639.txt,Supportive,1,0,0,Supportive reasons not extracted in this process,Opposition reasons not extracted in this process,Approved
06-09-2011audio_06CPC11-515.txt,Supportive,18,0,2,Supportive reasons not extracted in this process,Opposition reasons not extracted in this process,Approved
SV111314audio1_05APCSV14-778.txt,Unclear,0,0,0,Supportive reasons not extracted in this process,Opposition reasons not extracted in this process,Unclear
07-12-2011audio_03ZA11-448.txt,Supportive,4,0,0,Supportive reasons not extracted in this process,Opposition reasons not extracted in this process,Approved
WLA01-04-12audio_03ZA11-1481.txt,Supportive,2,0,0,Supportive reasons not extracted in this process,Opposition reasons not extracted in this process,Approved
10-09-2014audio_06CPC13-4125.txt,Supportive,71,9,2,Supportive reasons not extracted in this process,Opposition reasons not extracted in this process,Approved
WLA10-16-13audio_03ZA13-1420.txt,Supportive,2,0,0,Supportive reasons not extracted in this process,Opposition reasons not extracted in this process,Approved
09-12-2017audio_7APCC-2017-593-SPE.txt,Unclear,6,6,2,Supportive reasons not extracted in this process,Opposition reasons not extracted in this process,Unclear
11-10-2011audio_05DIR11-1024.txt,Supportive,12,8,4,Supportive reasons not extracted in this process,Opposition reasons not extracted in this process,Approved
09-10-09audio_06CPC08-3222.txt,Supportive,39,5,2,Supportive reasons not extracted in this process,Opposition reasons not extracted in this process,Approved
11-14-2013audio_04CPC13-7.txt,Supportive,61,9,0,Supportive reasons not extracted in this process,Opposition reasons not extracted in this process,Approved
6-28-16audio_8APCC-2015-1040-SPE-SPP.txt,Supportive,86,14,10,Supportive reasons not extracted in this process,Opposition reasons not extracted in this process,Approved
06-13-2013audio_07CPC13-337.txt,Supportive,12,4,6,Supportive reasons not extracted in this process,Opposition reasons not extracted in this process,Approved
06-08-2017audio_5aCPC-2012-3028and5bCPC-2016-4190.txt,Unclear,0,0,0,Supportive reasons not extracted in this process,Opposition reasons not extracted in this process,Unclear
SV011217Audio_4APCSV-2014-1615.txt,Supportive,16,0,0,Supportive reasons not extracted in this process,Opposition reasons not extracted in this process,Approved
NV09-20-12audio_04APCNV12-751.txt,Supportive,10,2,0,Supportive reasons not extracted in this process,Opposition reasons not extracted in this process,Approved
09-14-2017audio_7-8CPC-2016-1158andCPC-2015-1160.txt,Supportive,204,0,20,Supportive reasons not extracted in this process,Opposition reasons not extracted in this process,Approved
02-28-2017audio_5APCC-2015-3286-CU-SPR.txt,Unclear,0,0,0,Supportive reasons not extracted in this process,Opposition reasons not extracted in this process,Unclear
NV03-21-13audio_03APCNV12-2703.txt,Supportive,26,10,2,Supportive reasons not extracted in this process,Opposition reasons not extracted in this process,Approved
11-09-17audio_12CPC-2016-4669.txt,Supportive,16,2,2,Supportive reasons not extracted in this process,Opposition reasons not extracted in this process,Approved
4-14-2016audio_7CPC-2015-2209-DB.txt,Supportive,32,12,4,Supportive reasons not extracted in this process,Opposition reasons not extracted in this process,Approved
SV121114audio_04APCSV14-2529.txt,Supportive,15,1,2,Supportive reasons not extracted in this process,Opposition reasons not extracted in this process,Approved
08-13-09audio_07CPC08-3222.txt,Supportive,21,4,2,Supportive reasons not extracted in this process,Opposition reasons not extracted in this process,Approved
07-27-2017audio_8VTT-73891.txt,Supportive,34,8,0,Supportive reasons not extracted in this process,Opposition reasons not extracted in this process,Approved
04-20-2017audio_9-10VTT-73536andZA-2015-1766.txt,Supportive,60,4,8,Supportive reasons not extracted in this process,Opposition reasons not extracted in this process,Approved
06-09-09audio_02VTT65583_ZA06-10260.txt,Unclear,0,0,0,Supportive reasons not extracted in this process,Opposition reasons not extracted in this process,Unclear
12-08-2011audio_04DIR09-2065.txt,Mixed,0,0,2,Supportive reasons not extracted in this process,Opposition reasons not extracted in this process,Likely Approved with Conditions
02-22-2011audio_03ZA10-2067.txt,Supportive,2,0,0,Supportive reasons not extracted in this process,Opposition reasons not extracted in this process,Approved
11-16-17audio_8CPC-2017-2121.txt,Supportive,34,4,0,Supportive reasons not extracted in this process,Opposition reasons not extracted in this process,Approved
10-26-17audio_7CPC-2014-4226.txt,Supportive,87,6,3,Supportive reasons not extracted in this process,Opposition reasons not extracted in this process,Approved
06-10-2010audio_10CPC09-4168.txt,Supportive,15,8,1,Supportive reasons not extracted in this process,Opposition reasons not extracted in this process,Approved
01-23-2014audio_09CPC13-872.txt,Supportive,17,2,3,Supportive reasons not extracted in this process,Opposition reasons not extracted in this process,Approved
02-22-2011audio_05VTT-70608.txt,Supportive,20,4,0,Supportive reasons not extracted in this process,Opposition reasons not extracted in this process,Approved
10-13-2011audio_06DIR09-2065.txt,Supportive,12,0,2,Supportive reasons not extracted in this process,Opposition reasons not extracted in this process,Approved
09-27-2011audio_03DIR11-1043.txt,Supportive,98,4,18,Supportive reasons not extracted in this process,Opposition reasons not extracted in this process,Approved
09-27-2012audio_04CPC12-972.txt,Supportive,8,0,0,Supportive reasons not extracted in this process,Opposition reasons not extracted in this process,Approved
SV072513audio_04APCSV12-2487.txt,Supportive,3,0,0,Supportive reasons not extracted in this process,Opposition reasons not extracted in this process,Approved
02-15-2017audio_4DIR-2013-2966.txt,Supportive,40,28,0,Supportive reasons not extracted in this process,Opposition reasons not extracted in this process,Approved
05-25-2017audio_5aCPC-2016-766.txt,Supportive,24,2,0,Supportive reasons not extracted in this process,Opposition reasons not extracted in this process,Approved
08-24-2017audio_6CPC-2017-699-DB.txt,Supportive,2,0,0,Supportive reasons not extracted in this process,Opposition reasons not extracted in this process,Approved
04-20-2017audio_11DIR-2016-304.txt,Supportive,56,18,14,Supportive reasons not extracted in this process,Opposition reasons not extracted in this process,Approved
WLA03-16-16audio_5_6AA-2014-2269_ZA-2014-2373.txt,Supportive,76,4,0,Supportive reasons not extracted in this process,Opposition reasons not extracted in this process,Approved
02-04-2010audio_05APCNV07-1703.txt,Supportive,4,1,0,Supportive reasons not extracted in this process,Opposition reasons not extracted in this process,Approved
01-12-17audio_7CPC-2016-1735.txt,Supportive,30,0,0,Supportive reasons not extracted in this process,Opposition reasons not extracted in this process,Approved
WLA12-04-13audio_04ZA13-1420.txt,Supportive,62,38,2,Supportive reasons not extracted in this process,Opposition reasons not extracted in this process,Approved
02-10-2011audio_07CPC10-2841.txt,Supportive,50,2,2,Supportive reasons not extracted in this process,Opposition reasons not extracted in this process,Approved
10-27-16audio_5bCPC-2015-3905.txt,Unclear,0,0,0,Supportive reasons not extracted in this process,Opposition reasons not extracted in this process,Unclear
11-17-16audio_12DIR-2014-4762.txt,Unclear,0,0,0,Supportive reasons not extracted in this process,Opposition reasons not extracted in this process,Unclear
12-21-17audio_6VTT-75032.txt,Supportive,50,4,0,Supportive reasons not extracted in this process,Opposition reasons not extracted in this process,Approved
05-26-2011audio_03CPC10-3472.txt,Supportive,24,2,0,Supportive reasons not extracted in this process,Opposition reasons not extracted in this process,Approved
WLA02-15-12audio_05ZA11-1481.txt,Supportive,30,3,2,Supportive reasons not extracted in this process,Opposition reasons not extracted in this process,Approved
05-23-2013audio_06VTT-71943.txt,Supportive,4,0,2,Supportive reasons not extracted in this process,Opposition reasons not extracted in this process,Approved
08-28-13audio_03ZA08-421.txt,Supportive,27,4,0,Supportive reasons not extracted in this process,Opposition reasons not extracted in this process,Approved
4-14-2016audio_4CPC-2015-3990-GPA.txt,Supportive,34,0,4,Supportive reasons not extracted in this process,Opposition reasons not extracted in this process,Approved
05-11-2017audio_10CPC-2016-3761.txt,Supportive,12,0,0,Supportive reasons not extracted in this process,Opposition reasons not extracted in this process,Approved
12-19-2013audio_07TT-65767.txt,Supportive,44,6,0,Supportive reasons not extracted in this process,Opposition reasons not extracted in this process,Approved
11-17-16audio_8VTT-73641.txt,Supportive,30,8,22,Supportive reasons not extracted in this process,Opposition reasons not extracted in this process,Approved
WLA12-07-16audio_5DIR-2013-2966.txt,Unclear,40,40,0,Supportive reasons not extracted in this process,Opposition reasons not extracted in this process,Unclear
02-10-2011audio_05CPC10-1945.txt,Supportive,40,8,0,Supportive reasons not extracted in this process,Opposition reasons not extracted in this process,Approved
04-08-2010audio_04APCSV09-1899.txt,Supportive,4,2,0,Supportive reasons not extracted in this process,Opposition reasons not extracted in this process,Approved
12-14-17audio_11CPC-2017-1103.txt,Opposed,0,6,0,Supportive reasons not extracted in this process,Opposition reasons not extracted in this process,Denied
05-24-2011audio_03VTT-70608.txt,Supportive,8,0,0,Supportive reasons not extracted in this process,Opposition reasons not extracted in this process,Approved
NV12-01-11audio_03APCNV11-2546.txt,Opposed,6,10,0,Supportive reasons not extracted in this process,Opposition reasons not extracted in this process,Denied
09-25-13audio_03ZA13-1059.txt,Supportive,24,2,0,Supportive reasons not extracted in this process,Opposition reasons not extracted in this process,Approved
NV05-17-12audio_03APCNV11-2155.txt,Supportive,16,6,0,Supportive reasons not extracted in this process,Opposition reasons not extracted in this process,Approved
10-12-17audio_7-8CPC-2016-3142andCPC-2016-3143.txt,Supportive,468,92,16,Supportive reasons not extracted in this process,Opposition reasons not extracted in this process,Approved
11-17-16audio_14CPC-2015-2662.txt,Supportive,126,10,2,Supportive reasons not extracted in this process,Opposition reasons not extracted in this process,Approved
11-21-2013audio_06DIR12-2836.txt,Supportive,36,6,0,Supportive reasons not extracted in this process,Opposition reasons not extracted in this process,Approved
03-26-09audio1_03APCSV07-2639.txt,Supportive,5,4,0,Supportive reasons not extracted in this process,Opposition reasons not extracted in this process,Approved
08-24-2017audio_8CPC-2016-4493-VZC-SPR.txt,Supportive,16,2,0,Supportive reasons not extracted in this process,Opposition reasons not extracted in this process,Approved
SV052517Audio_4APCSV-2014-1117-VZCJ-CDO.txt,Supportive,30,6,0,Supportive reasons not extracted in this process,Opposition reasons not extracted in this process,Approved
02-22-2011audio_04APCC10-1884.txt,Supportive,6,4,0,Supportive reasons not extracted in this process,Opposition reasons not extracted in this process,Approved
02-10-2016audio_3DIR-2015-1173-SPP-1A.txt,Supportive,128,32,0,Supportive reasons not extracted in this process,Opposition reasons not extracted in this process,Approved
11-10-16audio_5aCPC-2016-1417.txt,Supportive,6,0,0,Supportive reasons not extracted in this process,Opposition reasons not extracted in this process,Approved
12-11-2014audio_06CPC14-1602.txt,Supportive,35,1,2,Supportive reasons not extracted in this process,Opposition reasons not extracted in this process,Approved
12-21-17audio_9CPC-2017-849.txt,Supportive,10,8,0,Supportive reasons not extracted in this process,Opposition reasons not extracted in this process,Approved
02-24-2011audio_04CPC09-2597.txt,Supportive,32,6,0,Supportive reasons not extracted in this process,Opposition reasons not extracted in this process,Approved
06-03-09audio_07APCW08-2089.txt,Supportive,8,1,0,Supportive reasons not extracted in this process,Opposition reasons not extracted in this process,Approved
SV071113audio_04APCSV13-846.txt,Supportive,24,2,0,Supportive reasons not extracted in this process,Opposition reasons not extracted in this process,Approved
12-18-2014audio1_04CPC14-1617.txt,Supportive,10,1,0,Supportive reasons not extracted in this process,Opposition reasons not extracted in this process,Approved
12-12-2013audio_07TT-72286_DIR13-1229.txt,Supportive,62,8,2,Supportive reasons not extracted in this process,Opposition reasons not extracted in this process,Approved
06-10-2010audio_05CPC09-944.txt,Unclear,0,0,0,Supportive reasons not extracted in this process,Opposition reasons not extracted in this process,Unclear
08-10-2017audio_11-12VTT-74112andCPC-2013-2993.txt,Supportive,348,100,16,Supportive reasons not extracted in this process,Opposition reasons not extracted in this process,Approved
05-11-2017audio_9DIR-2016-4543.txt,Supportive,36,12,2,Supportive reasons not extracted in this process,Opposition reasons not extracted in this process,Approved
06-14-2012audio_07CPC09-3580.txt,Supportive,20,8,0,Supportive reasons not extracted in this process,Opposition reasons not extracted in this process,Approved
05-11-2017audio_12CPC-2015-4184.txt,Supportive,8,0,0,Supportive reasons not extracted in this process,Opposition reasons not extracted in this process,Approved
08-22-2013audio_06DIR12-3428.txt,Unclear,8,8,0,Supportive reasons not extracted in this process,Opposition reasons not extracted in this process,Unclear
12-21-17audio_13CPC-2014-2590.txt,Supportive,18,0,2,Supportive reasons not extracted in this process,Opposition reasons not extracted in this process,Approved
01-24-2013audio_05CPC09-3271.txt,Supportive,22,2,18,Supportive reasons not extracted in this process,Opposition reasons not extracted in this process,Approved
NV03-21-13audio_02APCNV12-2711.txt,Supportive,48,6,0,Supportive reasons not extracted in this process,Opposition reasons not extracted in this process,Approved
11-16-17audio_6aCPC-2016-3545.txt,Supportive,12,0,0,Supportive reasons not extracted in this process,Opposition reasons not extracted in this process,Approved
08-24-2017audio_7CPC-2016-1495-VZC-ZAA-SPR.txt,Supportive,132,2,0,Supportive reasons not extracted in this process,Opposition reasons not extracted in this process,Approved
08-13-09audio_05CPC08-3464.txt,Supportive,29,4,2,Supportive reasons not extracted in this process,Opposition reasons not extracted in this process,Approved
03-15-2011audio_03ZA09-1836.txt,Supportive,46,10,0,Supportive reasons not extracted in this process,Opposition reasons not extracted in this process,Approved
12-02-08audio_CPC06-8043.txt,Supportive,30,14,1,Supportive reasons not extracted in this process,Opposition reasons not extracted in this process,Approved
10-10-2017audio_10TT-74883-CN-1A.txt,Supportive,6,0,0,Supportive reasons not extracted in this process,Opposition reasons not extracted in this process,Approved
6-28-16audio_5ZA-2015-1231-ELD.txt,Supportive,22,0,0,Supportive reasons not extracted in this process,Opposition reasons not extracted in this process,Approved
01-22-2013audio_05CPC11-2103.txt,Supportive,43,8,4,Supportive reasons not extracted in this process,Opposition reasons not extracted in this process,Approved
12-8-16audio_5a-5dConsentCalendar.txt,Unclear,0,0,0,Supportive reasons not extracted in this process,Opposition reasons not extracted in this process,Unclear
04-09-09audio_08CPC08-4987.txt,Supportive,43,25,0,Supportive reasons not extracted in this process,Opposition reasons not extracted in this process,Approved
11-17-2011audio_02CPC11-1090.txt,Supportive,48,12,2,Supportive reasons not extracted in this process,Opposition reasons not extracted in this process,Approved
02-09-17audio_7VTT-73981and8CPC-2016-341.txt,Unclear,0,0,0,Supportive reasons not extracted in this process,Opposition reasons not extracted in this process,Unclear
06-09-2011audio_08DIR09-2065.txt,Supportive,16,14,0,Supportive reasons not extracted in this process,Opposition reasons not extracted in this process,Approved
10-25-2011audio_05DIR11-1024.txt,Unclear,16,16,0,Supportive reasons not extracted in this process,Opposition reasons not extracted in this process,Unclear
01-19-11audio_04APCW10-2130.txt,Supportive,40,12,0,Supportive reasons not extracted in this process,Opposition reasons not extracted in this process,Approved
11-07-2017audio_6AA-2014-3308.txt,Supportive,38,18,0,Supportive reasons not extracted in this process,Opposition reasons not extracted in this process,Approved
07-13-2017audio_9CPC-2014-4901.txt,Supportive,18,6,6,Supportive reasons not extracted in this process,Opposition reasons not extracted in this process,Approved
12-02-09audio_02APCW09-2166.txt,Supportive,5,0,0,Supportive reasons not extracted in this process,Opposition reasons not extracted in this process,Approved
05-25-2017audio_8CPC-2016-2363.txt,Supportive,32,0,8,Supportive reasons not extracted in this process,Opposition reasons not extracted in this process,Approved
